{"type":"Topology","transform":{"scale":[0.0180099054479964,0.00321621486632948],"translate":[-180,-90]},"arcs":[[[6659,3204],[-32,-393],[-336,170],[26,68],[249,-54],[93,209]],[[8266,3172],[84,-35],[-134,81],[50,-46]],[[6238,3253],[102,-22],[-23,-149],[-79,171]],[[1094,3338],[68,-172],[-270,126],[38,219],[164,-173]],[[6284,3595],[-157,-363],[-99,-15],[47,239],[209,139]],[[19299,3673],[-88,24],[85,36],[3,-60]],[[7476,3516],[124,-152],[-23,-317],[-590,-210],[42,239],[175,178],[14,325],[154,223],[189,-148],[-85,-138]],[[19273,3954],[125,-74],[-149,-105],[24,179]],[[1678,4075],[26,-76],[-82,41],[56,35]],[[2915,4849],[0,-75],[-37,106],[37,-31]],[[3518,4954],[-41,-28],[59,91],[-18,-63]],[[3359,4942],[-22,87],[43,14],[-21,-101]],[[3268,5052],[50,-67],[-39,-106],[-109,-9],[32,131],[-44,72],[110,-21]],[[8847,4950],[8,-131],[-84,123],[77,161],[-1,-153]],[[2994,5191],[17,-157],[97,-14],[5,-127],[-185,167],[-2,127],[68,4]],[[5833,5328],[41,-39],[-21,-194],[-85,141],[65,92]],[[4946,5337],[-26,-117],[-16,187],[42,15],[0,-85]],[[4537,5572],[38,59],[12,-99],[61,114],[-39,-116],[74,52],[-42,-75],[54,-21],[-174,-67],[-208,158],[122,75],[-18,-55],[98,-34],[9,109],[13,-100]],[[9834,6006],[45,-44],[-36,-108],[-48,135],[39,17]],[[5892,6041],[-29,-126],[-112,-37],[141,163]],[[11485,6095],[-48,9],[19,94],[29,-103]],[[5846,6292],[-2,-125],[-58,27],[60,98]],[[10892,6196],[-32,73],[54,37],[-22,-110]],[[6563,6372],[-16,-69],[-25,177],[41,-108]],[[6107,6470],[93,-500],[-4,-442],[-45,-100],[-177,-41],[-23,119],[150,16],[-107,25],[67,96],[-83,74],[-99,-174],[-72,159],[179,90],[-33,96],[132,37],[32,-65],[3,93],[-83,54],[94,89],[-122,109],[-23,299],[98,94],[23,-128]],[[6220,7132],[-51,-217],[-12,102],[75,253],[-12,-138]],[[15604,7566],[-40,40],[46,39],[-6,-79]],[[6482,7998],[22,-95],[-45,-84],[-34,45],[57,134]],[[6785,8141],[-3,-78],[44,-29],[-44,-80],[-34,103],[37,84]],[[6828,8308],[11,-111],[-34,60],[-92,-244],[16,-98],[-38,72],[-5,-86],[-21,63],[-60,-194],[-39,11],[-35,-293],[43,-77],[15,76],[42,-6],[-23,-125],[-27,71],[-15,-113],[-51,77],[1,-154],[-65,166],[3,-220],[-47,40],[-8,-167],[-46,-2],[-10,-265],[56,18],[-41,-65],[14,-97],[67,-63],[-12,80],[77,48],[-57,-175],[83,-166],[12,-318],[46,-7],[-44,-65],[68,-177],[-66,-93],[54,33],[20,-71],[-93,-49],[11,-67],[86,42],[-40,-201],[48,-3],[-11,-130],[45,57],[-44,-158],[-74,83],[74,-182],[-64,-189],[67,0],[-93,-25],[-6,-184],[-44,102],[-46,-103],[58,-46],[-77,-53],[70,-28],[-354,-286],[-26,-114],[-426,64],[120,-327],[156,-11],[-42,-136],[-88,-68],[-317,175],[-47,-60],[233,-173],[-16,-95],[-144,-38],[-194,273],[47,-157],[-52,17],[188,-361],[4,100],[234,-42],[-24,-170],[-169,-13],[189,-31],[40,-252],[165,-22],[98,110],[47,-114],[420,-181],[-182,-48],[123,-39],[-154,-34],[9,-107],[316,37],[-133,-108],[52,-264],[132,-29],[287,395],[446,87],[42,-191],[374,518],[86,-71],[104,147],[278,36],[-54,59],[87,42],[401,80],[-452,102],[24,173],[-143,-66],[-190,122],[140,479],[432,429],[427,147],[-34,72],[72,267],[132,3],[46,156],[-120,-9],[39,30],[-34,117],[48,104],[91,-11],[-26,125],[57,-38],[110,130],[30,198],[-83,132],[88,-69],[38,207],[93,-254],[45,36],[-18,239],[106,51],[-8,-213],[123,22],[25,-71],[11,73],[66,-61],[53,71],[35,-158],[168,268],[286,119],[-10,102],[53,-90],[48,125],[140,-219],[64,229],[48,-94],[152,68],[-4,-101],[88,-27],[47,115],[35,-241],[91,42],[30,182],[32,-166],[54,-19],[45,128],[48,-166],[128,-14],[142,211],[162,92],[-14,346],[40,72],[60,-6],[-39,-113],[85,-64],[6,-148],[142,16],[68,-160],[47,425],[165,228],[198,110],[4,146],[54,-42],[-29,-30],[24,-83],[61,13],[-4,-91],[57,249],[-58,64],[47,62],[27,-146],[66,22],[-36,230],[85,137],[112,59],[101,-56],[93,-180],[-72,6],[40,-98],[-52,-95],[22,-63],[79,130],[74,-58],[33,-133],[53,73],[508,-118],[7,-481],[-56,-29],[16,-173],[-47,71],[-53,-169],[113,-53],[-163,-839],[50,-56],[62,250],[68,13],[110,266],[10,260],[93,303],[112,-44],[22,129],[159,257],[4,136],[270,194],[46,162],[418,192],[98,-77],[66,84],[35,-73],[165,82],[30,-13],[-13,-131],[139,301],[143,-11],[215,-178],[-4,-92],[28,68],[36,-107],[105,80],[10,205],[126,90],[62,-231],[81,-87],[-115,-221],[180,171],[106,-74],[86,75],[-80,-148],[280,259],[39,-53],[67,142],[52,-46],[13,-213],[15,64],[95,-76],[92,319],[170,13],[31,-128],[55,130],[73,-137],[45,61],[279,-212],[57,57],[13,-92],[51,7],[-44,-254],[121,108],[54,-258],[218,23],[34,-179],[20,78],[107,-29],[2,150],[97,-266],[6,59],[93,-154],[32,83],[99,-104],[6,-151],[136,-347],[15,261],[72,-160],[19,91],[192,-94],[-29,-74],[167,-200],[4,119],[39,-169],[-66,-120],[27,-119],[-108,71],[90,-112],[-40,-168],[-159,116],[24,-144],[64,2],[-100,-38],[-27,-134],[-16,178],[-46,3],[50,-404],[-97,4],[-12,85],[-48,-274],[-112,-48],[89,-3],[40,-135],[-34,-351],[125,-287],[-39,-109],[92,64],[97,-195],[-158,13],[-99,-106],[-59,137],[28,-175],[-59,42],[-83,-276],[109,-25],[-182,-169],[146,15],[-59,-54],[88,-67],[-102,-18],[245,-419],[-173,-94],[246,31],[188,-190],[-87,-69],[705,-324],[14,-26],[0,0],[0,-51],[0,-155],[0,-155],[0,-155],[0,-155],[0,-155],[0,-155],[0,-155],[0,-155],[0,-155],[0,-155],[0,-155],[-28,0],[-27,0],[-28,0],[-28,0],[-28,0],[-27,0],[-28,0],[-28,0],[-28,0],[-27,0],[-28,0],[-28,0],[-27,0],[-28,0],[-28,0],[-28,0],[-27,0],[-28,0],[-28,0],[-27,0],[-28,0],[-28,0],[-28,0],[-27,0],[-28,0],[-28,0],[-28,0],[-27,0],[-28,0],[-28,0],[-27,0],[-28,0],[-28,0],[-28,0],[-27,0],[-28,0],[-28,0],[-28,0],[-27,0],[-28,0],[-28,0],[-27,0],[-28,0],[-28,0],[-28,0],[-27,0],[-28,0],[-28,0],[-27,0],[-28,0],[-28,0],[-28,0],[-27,0],[-28,0],[-28,0],[-28,0],[-27,0],[-28,0],[-28,0],[-27,0],[-28,0],[-28,0],[-28,0],[-27,0],[-28,0],[-28,0],[-28,0],[-27,0],[-28,0],[-28,0],[-27,0],[-28,0],[-28,0],[-28,0],[-27,0],[-28,0],[-28,0],[-27,0],[-28,0],[-28,0],[-28,0],[-27,0],[-28,0],[-28,0],[-28,0],[-27,0],[-28,0],[-28,0],[-27,0],[-28,0],[-28,0],[-28,0],[-27,0],[-28,0],[-28,0],[-28,0],[-27,0],[-28,0],[-28,0],[-27,0],[-28,0],[-28,0],[-28,0],[-27,0],[-28,0],[-28,0],[-27,0],[-28,0],[-28,0],[-28,0],[-27,0],[-28,0],[-28,0],[-28,0],[-27,0],[-28,0],[-28,0],[-27,0],[-28,0],[-28,0],[-28,0],[-27,0],[-28,0],[-28,0],[-27,0],[-28,0],[-28,0],[-28,0],[-27,0],[-28,0],[-28,0],[-28,0],[-27,0],[-28,0],[-28,0],[-27,0],[-28,0],[-28,0],[-28,0],[-27,0],[-28,0],[-28,0],[-28,0],[-27,0],[-28,0],[-28,0],[-27,0],[-28,0],[-28,0],[-28,0],[-27,0],[-28,0],[-28,0],[-27,0],[-28,0],[-28,0],[-28,0],[-27,0],[-28,0],[-28,0],[-28,0],[-27,0],[-28,0],[-28,0],[-27,0],[-28,0],[-28,0],[-28,0],[-27,0],[-28,0],[-28,0],[-28,0],[-27,0],[-28,0],[-28,0],[-27,0],[-28,0],[-28,0],[-28,0],[-27,0],[-28,0],[-28,0],[-27,0],[-28,0],[-28,0],[-28,0],[-27,0],[-28,0],[-28,0],[-28,0],[-27,0],[-28,0],[-28,0],[-27,0],[-28,0],[-28,0],[-28,0],[-27,0],[-28,0],[-28,0],[-28,0],[-27,0],[-28,0],[-28,0],[-27,0],[-28,0],[-28,0],[-28,0],[-27,0],[-28,0],[-28,0],[-27,0],[-28,0],[-28,0],[-28,0],[-27,0],[-28,0],[-28,0],[-28,0],[-27,0],[-28,0],[-28,0],[-27,0],[-28,0],[-28,0],[-28,0],[-27,0],[-28,0],[-28,0],[-28,0],[-27,0],[-28,0],[-28,0],[-27,0],[-28,0],[-28,0],[-28,0],[0,0],[-27,0],[-28,0],[-28,0],[-27,0],[-28,0],[-28,0],[-28,0],[-27,0],[-28,0],[-28,0],[-28,0],[-27,0],[-28,0],[-28,0],[-27,0],[-28,0],[-28,0],[-28,0],[-27,0],[-28,0],[-28,0],[-28,0],[-27,0],[-28,0],[-28,0],[-27,0],[-28,0],[-28,0],[-28,0],[-27,0],[-28,0],[-28,0],[-27,0],[-28,0],[-28,0],[-28,0],[-27,0],[-28,0],[-28,0],[-28,0],[-27,0],[-28,0],[-28,0],[-27,0],[-28,0],[-28,0],[-28,0],[-27,0],[-28,0],[-28,0],[-28,0],[-27,0],[-28,0],[-28,0],[-27,0],[-28,0],[-28,0],[-28,0],[-27,0],[-28,0],[-28,0],[-27,0],[-28,0],[-28,0],[-28,0],[-27,0],[-28,0],[-28,0],[-28,0],[-27,0],[-28,0],[-28,0],[-27,0],[-28,0],[-28,0],[-28,0],[-27,0],[-28,0],[-28,0],[-28,0],[-27,0],[-28,0],[-28,0],[-27,0],[-28,0],[-28,0],[-28,0],[-27,0],[-28,0],[-28,0],[-27,0],[-28,0],[-28,0],[-28,0],[-27,0],[-28,0],[-28,0],[-28,0],[-27,0],[-28,0],[-28,0],[-27,0],[-28,0],[-28,0],[-28,0],[-27,0],[-28,0],[-28,0],[-28,0],[-27,0],[-28,0],[-28,0],[-27,0],[-28,0],[-28,0],[-28,0],[-27,0],[-28,0],[-28,0],[-27,0],[-28,0],[-28,0],[-28,0],[-27,0],[-28,0],[-28,0],[-28,0],[-27,0],[-28,0],[-28,0],[-27,